relative_path,bytes,sha256
.gitignore,108,16ccbe7d4b899488d37f2c64b82371ae92d7976c80356d362e778e68de46197e
README.md,3994,4fe7517ea38b4bb3ec19e265357aee1fa802ae0c888dc54d88f1b03fe345c8d1
analysis/matlab/plot_ABCD_runtime_19_20Sep.m,4492,c04e86990107c77d1dbb1c7db3f74973682e85c920ce360d5a86277551e19db6
analysis/matlab/plot_figure.m,6443,29b1eef064f5647d176ca43747e686a87dc87ef4b03a9d771ca137a495a0b092
analysis/matlab/plot_gateway_recovery.m,12382,2e156eb3a95af19b133223f9d8b6ab5283bfd2a69f0d7b50df01a21652107f7d
analysis/matlab/plot_multihop.m,11012,8a760857ace019c1ae2511be9db03ffe261d4d4426a3c32378ea8f4f047911ee
analysis/matlab/plot_offline_operation.m,12666,777f96765ef80c90267bdd21378ca24a11a2399438d6c5b2ec2d5ace74169d07
analysis/matlab/plot_sensor_pressure.m,4961,ab885bd19e0f0378298f7c2905de4236ca147474fc9451f994aa4235daff1426
analysis/matlab/plot_sensor_temperature.m,5210,8d01416adaa1b33caa4140f68a2835a226cc22045bb096803aeb20ebe58507df
analysis/python/regenerate_figures.py,10509,516c81d2d02f8313bd931aceaf93cc5aeac6c3088c8e2953b0bec9a510f6fedf
code/analyse_mesh.py,4020,d06056826b54239e6cd4c8858cf3bbf6d5f2a8811e9a5601edd48fb033a09605
code/gateway.py,7588,d1a0323c9a83af54471b6e4e72ab19c7c76f76860451fc53b4c4a3de728a8b8a
code/generate_visualisations.py,12647,b88f74ba28ed9c956968bf6d1fffe02ec2a624b9a3382b714fef1b5b44c4c368
code/process_real_data.py,14799,55dd70bf19b5eb6a9e3e2bae9a50338206ce792bd6738d8731b686052b8743b9
config/nodes.json,199,e984fc96655fa1b7e56ff3de17ac95ce20b3fa3b0c8f8a2060a6e191864e6b42
dashboard/dashboard_health.py,9097,e55f37a5fd42bf7e62e9b8769f4ee33a04bec552abb2b6cd948b64802028f12f
dashboard/realtime_dashboard.py,9151,dbbd840ecd8ed4cd2388afebab5afc147347a6b5a485ee6c1ca39a1c4d26d3d3
dashboard/templates/index.html,30910,35f3f068102a983715f74b80eee1199fb75b0f3b8c1501da91a62baca116d00c
data/README.md,376,b28e345a912087c62b0c899e0dc77d0b5ece2aab5450ca1edc857d6d13c4f5d2
data/relay/multi_hop.csv,350468,9a0f3ce76ed44e29b623cb3d702448bf2c9d906065c25b052303634e0268940a
deployment/sync_eng402.sh,2258,5de6825606185edd03a7f49c35b3d1c13aa741afd327ab3e230679dd49c12f7c
environment/export_time.txt,26,2f54a314c54e87dd50f02788894c964f00da3ff27262ab26ce0e7c2779232dbe
environment/installed_python_packages.txt,6484,7e25437262c736ce0b6896535f70e32ebe1fdde38997e9f8e73a160fe379a261
environment/os-release,328,c17d7c5e2f5417335de365c139a24d953cf03c2f4541663af7d66acd39acaac6
environment/python_version.txt,14,01870de7caca112afeefd77b3c3b4c5e263cf5539a33af3f3411100727fad7d3
firmware/RootNode/RootNode.ino,2687,ba902019cc1c84450fb513d01f694c1fddd20bab4618171b3d18a8b9b6aa07e7
firmware/SensorNode/SensorNode.ino,5987,ce17611de8b679d6f59aeaa2113f2dcfdab461740c3e78ac5852c180bdff47bb
make_manifest.py,1309,9ec5e3e312acabfb78d4b69e4e5309ebacdc5671c716366b5c38433d0b8f6b1e
requirements.txt,48,5d080d8e112bfa8be3c9c3c9cf608eb97cac7269e97e361813e2da990d3fe4ac
systemd/eng402-dashboard.service,308,7f7623127783bc4b255a63fbccb25c3c3f93561b35585a5a1be35063878dc902
systemd/eng402-data-watch.path,176,91fd143de84c11c243bc140f883bed5e01646a3d986f78c356a39267b4ddf836
systemd/eng402-data-watch.service,130,d5ce947fa681c191f64fb5942b7d18ab3ed090a21ed056edd2309bf06fe36659
systemd/eng402-gateway.service,457,1de7b9059ce4b9c2dc00607e759d9b2a9d6aec7e24bd2e8d7753d60c5387ccd7
systemd/eng402-processing.service,622,8094178e84a7c7735ec34a6041fb359d81692a4293e30bdf6517e10f8317175c
systemd/eng402-processing.timer,183,ac44747e548fa3438609ed5180d90c1aa309d4084649ef95bf33a39e2f830ae3
systemd/eng402-sync.service,101,7015d8ff7f9dcd9fdc6a960f5ca327c385ad87d279758e14964a0ce65b8861f9
systemd/eng402-sync.timer,159,649a8d8d771575c344ea989b2dc676d0b150c509fe60026dc01b42b324bbc03d
verify_manifest.py,1276,24520d18a02b459a7287403595fc566a061d9a8b26c2b8e37808fd5dcb1aa47b
